appellation,oeil,nez,bouche,mets_et_vin
Corton,": En rouge, le corton affiche le plus souvent une couleur pourpre soutenu ou rouge sombre d'une densité violacée.En blanc, la robe est d'un jaune généralement assez pâle, or clair à reflets verts.","En rouge, le bouquet est à la fois ample et généreux. Il s'exprime sur des accents fruités (myrtille, groseille, cerise, kirsch) ou fleuris (violette), évoluant avec l'âge vers le sous-bois, le cuir tanné, la fourrure, l'animal. L'abricot cuit lui offre parfois une note originale. Les autres arômes fréquents sont le poivre, la réglisse et le noyau.En blanc, le corton offre des arômes mariant des nuances minérales (silex), beurrées (beurre, pomme au four), végétales (fougère, genévrier), épicées (cannelle) et miellées (miel, hydromel).","En rouge, solide, costaud, puissant, structuré, le corton se montre volontiersdémonstratif. De la mâche et du corps ! Il tire sa révérence sur une note tannique. Mais certains climats sont beaucoup plus tendres, fins et délicats. Par ailleurs, les vinifications actuelles donnent des vins moins austères, pouvant être dégustés au bout de deux à trois ans. En général,cependant, le corton apparaît dur et vif dans sa jeunesse. Ferme et franc, il a besoin de temps pour s'exprimer.En blanc, on a affaire à un vin souple et rond, élégant et racé, qui domine le paysage du chardonnay dans un style assez original.","Gibier à plume (canard à l’orange, caille aux raisins, perdrix), gibier à poil (lièvre, chevreuil), fromages (cîteaux, munster, tamié). crustacés cuisinés (écrevisses, homard, langouste), poisson, viande blanche ou volaille à la crème."
Chablis,": La robe est discrète, blanc-vert, ou « petit or » (jaune pâle) mêlé à des reflets émeraude ou gris.","Très frais et minéral, le chablis évoque le silex, la pomme verte, le citron et le pamplemousse.Il gagne en se développant des notes de sous-bois et de champignon (mousseron). Les arômes de menthe, de fleur blanche (acacia), de tilleul ou de violette sont également présents. L'âge apporte une dimension épicée à la palette.","Ce vin laisse au palais un goût de pierre à fusil ou de champignon (on dit qu'il « mousseronne »).Très sec, vif, voire acide, et d'une finesse admirable, le chablis a une personnalité reconnaissable.","Fruits de mer, andouillette chablisienne, escargots, viande blanche en sauce, sauté ou curry d’agneau, asperges, poisson à l’oseille, fromages (chèvre ou comté)."
Marsannay,": Les vins rouges, souvent assez pâles, évoluent vers une teinte grenat bleuté.Les vins rosés dévoilent une robe groseille ou légèrement orangée, à reflets carminés délicats.Les vins blancs sont d'un or blanc pâle, à reflets citron vert.","Les vins rouges proposent un bouquet composé de fougère, de violette, de mûre, de cassis, de pruneau sec et de réglisse. En vieillissant, ils évoluent vers le sous-bois, la mousse, le cuir et les épices.Les vins rosés déclinent des arômes de raisin fraîchement écrasé, de pêche et de fleurs discrètes.En blanc, le nez s'ouvre sur la citronnelle avant de poursuivre sur les fruits secs, l'aubépine et quelquefois le miel.","En rouge, le gras et la structure s'harmonisent. Le marsannay est un peu sévère dans sa jeunesse, mais atteint avec l'âge d'authentiques sommets.Floraux, vineux et gras, les vins rosés séduisent le palais par leur consistance.Les vins blancs sont souples, amples et gras.","Viande rouge, dinde aux marrons, fromages (époisses, ami du chambertin). cuisses de grenouilles, escargots, jambon persillé. terrine de fois de volaille, poisson de rivière, viande blanche, volaille aux morilles."
Gevrey-chambertin,: Un vin très coloré dont l'éclat de jeunesse (rubis vif) s'assombrit souvent pour prendre une teinte presque noire aux reflets rougeâtres.,"La fraise, le cassis, la violette et le réséda font partie des arômes de jeunesse du gevrey-chambertin, tandis qu'en vieillissant, le vin évolue vers le cuir, la fourrure et la réglisse. Quelques climats et styles de vinification donnent des vins aux arômes de terre ou de terrier, d'humus, de venaison. Ceux-ci renardent parfois. Les Cazetiers en offrent un bon exemple.","Le gevrey-chambertin apparaît carré, puissant. Un grand bourgogne. Son corps est ferme, soutenu, équilibré par l'accent du terroir qui est l'un des plus graveleux de la Côte de Nuits. La plupart des vinifications actuelles tendent cependant à un vin plus spontané, plus riche en fruit, moins austère, déjà très agréable au bout de deux ou trois ans.","Coq au vin, boeuf en daube, sandre au vin rouge, fromages (chaource)."
Meursault,": La robe du meursault est d'un or plus ou moins ambré selon l'âge. Limpide, brillante, elle a de l'éclat et s'accompagne souvent de reflets gris.","Le bouquet évoque le chardonnay mûr, gorgé de soleil et empreint de l'influence du terroir. On y perçoit des arômes d'aubépine, d'abricot, de citron et de fruits exotiques (mangue, papaye). S'y mêlent les fruits secs caractéristiques du cépage (noisette et amande), ainsi que les notes de tilleul et de beurre.La truffe et le pain grillé signent une bonne évolution.","Le meursault est un vin d'une certaine corpulence, long et structuré. Sa texture soyeuse s'accompagne de saveurs de noisette fraîche, de miel, jusqu'à une finale originale sur la mirabelle.","Viande rouge grillée ou rôtie. foie gras, fruits de mer, quenelles de brochet, poisson, fromages (munster, époisses, roquefort ou bleu de bresse), tarte tatin (vin âgé)."
Bourgogne-côte-chalonnaise,": En rouge, une couleur nette et franche, d'un beau pourpre ou d'un rubis brillant, tirant parfois sur le grenat sombre ou sur le violacé.En blanc, la teinte est claire, jaune pâle illuminé de reflets. L'or et l'argent se mêlent.","Les petits fruits rouges (framboise, groseille) et noirs (cassis, mûre) sont à la fête dans le vin rouge. Noyau, cerise parfois. L'animal, le sous-bois, le champignon sont dans les habitudes du pays.Le blanc évoque les fleurs blanches (aubépine, acacia) et les fruits secs, sur des notes souvent citronnées, quelquefois anisées, suggérant la viennoiserie, le croissant chaud, le miel.","Le rouge a une texture ferme, résistante, un peu austère dans sa jeunesse. Mais il a du souffle l'âge lui apporte la rondeur.En blanc. Gras, de bonne tenue. Sans excès de charpente ni de persistance, un vin offert au plaisir de la jeunesse, à l'attaque franche.Sa vivacité tient le palais en éveil.Et les rosés ? Ils sont assez rares. Du fruit et une spontanéité pleine de bonhomie. Bien travaillés et issus de saignées rigoureuses.","Oeufs en meurette, viande en sauce ou grillée, fromages (époisses, soumaintrain). truite, fromages (cîteaux)."
Bouzeron,": Sa couleur or pâle, à nuance très légèrement vert d'eau, ne doit pas tirer sur le jaune.","Le bouzeron évoque l'acacia, les fleurs blanches et un petit chemin bordé de noisettes. Les arômes minéraux (silex, pierre à fusil), mêlés à des notes fraîches d'agrumes (citron, citron vert) complètent le bouquet. Un peu de miel ? Peut-être, mais cette touche doit rester légère et discrète sur une note de croissant chaud.","C'est un vin de mise en bouche. Même si cela lui arrive, le bouzeron ne doit pas trop « chardonner ».Il doit en effet conserver sa nature, sa typicité. Ce vin gourmand, dont l'ampleur est satisfaisante, la complexité intéressante, fait rêver. Les Bourguignons parlent de sa rondeur pointue qui fait tout son charme.","Apéritif avec des gougères, escargots à la bourguignonne,
jambon persillé, fruits de mer et crustacés,
poissons frits, rognons sautés, fromages de chèvre,
comté."
Rully,": Le rully rouge revêt une robe rubis ou grenat profond.Le rully blanc présente une teinte dorée à reflets verts. Avec l'âge, il acquiert une couleur souvent assez prononcée : jaune soutenu, bouton d'or.","En rouge, les fruits noirs (cassis, mûre) et rouges (bigarreau) composent la note de tête du bouquet. Ils s'accompagnent d'arômes de réglisse, de lilas, de pétale de rose. Le nez évolue vers le fruit cuit et des sensations mi-kirsch mi-poivre.En blanc, les notes de « fleurs de haie », ou d'acacia, de chèvrefeuille, de sureau très fin, de violette, de pêche blanche, de citron et de silex se marient souvent au miel et au toast beurré. Avec le temps, apparaissent des nuances de coing et de fruits secs.","En rouge, les tanins n'écrasent ni le fruit ni le relief du vin, mais il faut laisser un peu de temps au temps, sans excès de vieillissement, pour que la légère astringence et la mâche se fondent délicieusement au palais sur une longue persistance.En blanc, le rully est très marqué par le fruit. Rond, ferme cependant, il possède de la chair et de la longueur.","Gibier à plume, canard à l’orange, fromages (reblochon). andouillette, cuisses de grenouilles, brochet au beurre blanc, moules et coquilles saint-jacques, volaille à la crème."
Mercurey,": Le mercurey rouge est souvent profond et presque sombre. Les nuances violacées et grenat foncé sont assez fréquentes. La parenté est évidente avec la robe du pommard et du volnay.Le mercurey blanc révèle le ton doré du chardonnay, plus ou moins pâle, animé de reflets verts.","Qu'il s'agisse de la framboise, de la fraise ou de la cerise, le fruit est rouge et croquant. L'âge donne au mercurey des accents classiques, tirant sur le sous-bois, la mousse ou encore le cuir, la fourrure, le gibier.Le mercurey blanc se montre floral?; la menthe, le tilleul et l'amande fraîche, la noisette complètent le nez.","Le mercurey rouge est un vin entier qui possède de la mâche. Les tanins apportent quelquefois une nuance d'amertume qui passe avec le temps. Plénitude et fermeté, selon une architecture simple et élégante.Le mercurey blanc, par sa rondeur, est très proche des vins blancs de la Côte de Beaune.","Veau aux carottes, boeuf bourguignon, fromages (langres). entrées, fruits de mer, fromages à pâte pressée."
Givry,": Le givry rouge porte une robe brillante, aux nuances carmin ou pourpre agrémentées de reflets souvent violacés.Limpide et vif, le givry blanc est or clair, sans aller jusqu'au jaune qui est plutôt un signe de maturité.","En rouge, le bouquet évoque la violette, la fraise ou la mûre, avec des variations réglissées, des accents animaux ou fauves. On y trouve parfois des épices (clou de girofle).Les arômes du givry blanc peuvent être miellés, citronnés. Ils rappellent le tilleul, le lys, les fruits secs (noisette).","Épicé, assez tannique dans sa jeunesse, le givry rouge devient souple et aimable avec l'âge. Il faut souvent le déguster après trois à cinq ans de garde.Fin, harmonieux, partagé entre le mœlleux et l'acidité, le givry blanc tient bien en bouche. Il est capable de bien se conserver.","Charcuterie, oeufs en meurette, terrine de gibier, canard aux cerises, poulet grillé. moules à la crème, bisque de homard, poisson au beurre blanc."
Montagny,": Limpide, la robe du montagny est dorée à reflets verts. Une couleur plus jaune, bouton d'or, est un effet de l'âge.","Les arômes évoquent l'aubépine, l'acacia, le chèvrefeuille et la fougère. Il s'y ajoute la citronnelle, la pierre à fusil, sous un angle plus vif. Dans le registre fruité, on perçoit la pêche blanche, la poire, les fruits blancs. Une touche de noisette, souvent apportée par le fût, ou encore de miel souligne la douceur de la palette.","Le montagny est un vin frais, jeune de caractère, fringant et aimable, privilégiant le retour d'arômes(parfois un peu épicés) et la spontanéité. La structure trouve un accord remarquable avec la finesse des saveurs.","Gougères, moules, écrevisses, coquilles saint-
jacques, andouillette, cuisses de grenouilles,
poisson de rivière, volaille de bresse, fromages de
chèvre ou saint-nectaire."
Ladoix,": La robe du ladoix rouge évoque souvent la couleur de la crème de cassis : grenat brillant, d'une nuance presque noire à reflets violacés.L'or et le paille clair sont les tonalités les plus fréquentes du ladoix blanc.","En rouge, le bouquet est marqué par la framboise et, plus encore, par la cerise confite ou à l'eau-de-vie, le fruit mûr. Des notes végétales (sureau) et épicées (girofle), des accents de café ou de cacao complètent la palette.En blanc, apparaît une dominante d'acacia soulignée d'une pointe beurrée. La prune, la pomme mûre, la figue, le coing, la poire épicée font partie des arômes classiques.","Le ladoix rouge s'exprime de façon assez tendre, en épousant une forme ronde et pleine, un velouté sphérique. Il offre une bonne structure tannique.Le ladoix blanc est assez ferme, vif mais retenu. Son gras et son ampleur équilibrent sa fraîcheur. L'âge lui apporte du moelleux.","Pâté en croûte, viande rouge, coq au vin, fromages (reblochon, vacherin). poisson d’eau douce, veau orloff , fromages (bleu de bresse, comté)."
Aloxe-corton,": La robe est presque toujours assez foncée, parfois violacée, rubis soutenu ou pourpre intense.","Lorsque le vin est jeune, les arômes évoquent les fleurs (jardin au printemps) et les fruits (griotte, cassis, mûre). Avec l'âge, ces accents s'intensifient en évoluant.","Sur les sols profonds de cette partie basse de la Montagne de Corton, le pinot noir offre un vin corsé et généreux, qui ne perd jamais sa distinction. Quelquefois tendre et fruitée, la bouche peut attendre quelques années pour s'ouvrir. Le corps est structuré, porté par des tanins aimables. La soie équilibre la mâche.","Viandes rôties ou en sauce assez relevées, gibier (lapin chasseur), fromages (chaource)."
Pernand-vergelesses,": En rouge, le pernand-vergelesses se présente sous des atours rubis foncé, grenat sombre ou pourpre intense.En blanc, la teinte varie de l'or blanc au jaune pâle.","En rouge, le pernand-vergelesses est axé sur des arômes de petits fruits rouges (fraise, framboise, cerise) et sur des accents floraux (violette). Après quelques années, le fruit mûr, le fruit cuit, les notes animales, le musc, le cuir et les épices apparaissent.En blanc, se manifestent des arômes de fleurs blanches (aubépine, acacia) sur un fond minéral. La palette est ponctuée de nuances de pomme et d'agrumes. Avec l'âge, le vin dévoile l'ambre, le miel et les épices.","Le pernand-vergelesses rouge présente des tanins solides, une attaque franche. L'harmonie entre le gras et l'acidité assure à ce vin corsé une maturité heureuse.Le pernand-vergelesses blanc est sec, vif. Assez léger, il est toujours aimable.","Gigot d’agneau, pigeon aux petits pois, fromages (reblochon, tomme de savoie, montd’or). langoustines, poisson, fromages (comté)."
Corton-charlemagne,": Le corton-charlemagne porte dans sa jeunesse une robe or pâle, qui s'accompagne souvent des fameux reflets verts du chardonnay. Avec l'âge, l'or prend parfois des nuances d'ambre jaune.","Un bouquet d'une grande délicatesse, sur des tonalités beurrées pomme au four, teintées d'agrumes (ananas), de silex, de tilleul, de fougère, de genévrier, de cannelle. Les notes miellées (jusqu'à l'hydromel) sont fréquentes.Le cuir, la truffe font escorte aux millésimes plus anciens.","Le corton-charlemagne emplit le verre et la bouche d'un souffle puissant. D'une extraordinaire richesse, il étonne par sa concentration, séduit par son élégance et sa race. Rarement la grâce du cépage établit un lien aussi étroit avec le caractère du terroir. Sa structure très équilibrée lui permet de se maintenir longtemps en bouche.","Langoustines rôties au safran, sole au beurre citronné, mousseline de brochet, écrevisses à la nage, poisson à la crème ou à l’oseille, volaille aux morilles."
Savigny-lès-beaune,": En rouge, la robe grenat intense tire parfois jusqu'à la tulipe noire.En blanc, la teinte or pâle se pare de reflets verts.","Le savigny-lès-beaune rouge livre des arômes de fruits rouges (cerise, framboise) et noirs (cassis, mûre), de fleurs (violette), de fruits à noyau macérés dans l'alcool et des nuances de réglisse. Les notes animales, les accents d'humus et de sous-bois mariés aux épices apparaissent fréquemment avec l'âge.En blanc, se déclinent l'aubépine, l'amande fraîche, la menthe, le citron, la poire, la feuille de cassis, la rose, la muscade, le pain de mie et la noisette.","En rouge, la bouche du savigny-lès-beaune a parfois le goût de mûre et de réglisse. Les tanins bien présents construisent une charpente robuste.En blanc, le dégustateur perçoit le fruit du chardonnay, ses fleurs. Souvent assez vif, le vin s'apaise avec le temps, pour laisser monter un gras voluptueux.","Jambon persillé, volaille en sauce, chevreuil en sauce, fromages (époisses, soumaintrain, langres, munster). quiche lorraine, andouillette, escargots de bourgogne, filets de sole, turbot, bar, fromages (comté, saint-nectaire)."
Chorey-lès-beaune,": En rouge, le chorey présente une robe assez vive, souvent pourpre sombre avec des reflets violacés.En blanc, le vin offre des teintes or clair tirant parfois sur un jaune léger.","En rouge, dominent les petits fruits rouges (framboise, griotte) et noirs (cassis). Les arômes complémentaires sont la réglisse et le sous-bois. Parmi les notes plus évoluées figurent la prune très mûre, les fruits confits, la confiture de fraises, le pain d'épice, l'animal et le cuir.En blanc, l'aubépine et l'acacia, les fleurs blanches, agrémentés de noisette, d'amande, de citronnelle, de fruits blancs (poire) ou encore de miel discret composent la palette aromatique.","Le chorey rouge a une structure impeccable?; ses tanins bien présents et élégants traduisent sa réussite.Il laisse au palais un sentiment de jeunesse, mais ne manque pas de rondeur derrière sa charpente. Un vin bien fruité.Les vins blancs sont fruités, un peu vifs dans leur jeunesse. L'âge leur donne du gras et de la souplesse.","Oeufs en meurette, lapin, poissons (sandre, rouget), fromages (cîteaux, reblochon, brillat-savarin). bouchées à la reine, andouillette, poisson, fromages (comté, saint-nectaire)."
Beaune,": En rouge, le beaune premier cru revêt une robe éclatante et vive, évitant le pourpre assombri mais restant lumineuse et écarlate.En blanc, le vin est or clair et discret, du moins tant qu'il est jeune.","En rouge, et avec des nuances selon les crus, les arômes beaunois évoquent les fruits noirs (cassis, mûre), les fruits rouges (cerise, groseille), le sous-bois, l'humus, la truffe, le cuir, la fourrure, les épices avec l'âge.En blanc, le bouquet tourne autour de l'amande amère, des fruits secs, de la fougère et des fleurs blanches classiques. Les arômes végétaux sont assez fréquents, de même que les accents beurrés et une note de miel parfois. Épices ? La cannelle.","Les rouges ont dans leur adolescence un charme croquant, de raisin frais. On mord dans la grappe. La plupart sont assez robustes, souvent corsés et épicés, mais ni trop minces ni trop capiteux, sensuels et fruités. Les vins du versant Savigny sont assez puissants, intenses et fermes, profonds?; ceux de Pommard plus ronds et plus souples, plus sensibles à la nuance, parvenant plus tôt à la maturité.Relativement rares, sauf quelques figures de proue comme au Clos des Mouches, les blancs doivent être bus assez jeunes. Ils méritent d'être goûtés sur le fruit.","Volaille rôtie, gibier, fromages (reblochon, brie). fruits de mer, tourtes et pâté chauds, charcuterie fine, poisson."
Pommard,": La robe du pommard est d'un rouge profond, pourpre foncé. Elle se nuance fréquemment de reflets mauves.","Si la gamme aromatique comprend la mûre et la myrtille, elle tend souvent vers la groseille, la cerise concentrée (noyau) ou encore la prune mûre, sinon confite. Les arômes de maturité expriment le cuir, le poivre ou le poivron, le chocolat. La croûte de pain frais et la réglisse peuvent apparaître.","Souvent fermé dans sa jeunesse, le pommard s'épanouit au bout de quatre ou cinq ans, offrant à la dégustation sa structure tendre, son caractère charnu, sa richesse et sa puissance. Il est fruité en bouche, tout en ayant de la mâche.","Râble ou civet de lièvre, côte de boeuf, entrecôte vigneronne, gibier, fromages (munster, livarot)."
Volnay,": D'un éclat brillant, la robe est rouge vif, mais elle peut aller jusqu'au grenat foncé. On y distingue souvent des flammes rubis.","Les arômes frais et légers tendent vers des notes végétales et fleuries (la violette, arôme classique du vin rouge de Bourgogne, ou encore la rose). Des touches de fruits rouges (framboise, groseille) ou noirs (mûres) sont également perceptibles.","Le volnay est un réel séducteur grâce à sa bouche légère, fruitée. Bien souvent, le volnay premier cru montre davantage de concentration et d'élégance que le volnay, mais ces nuances dépendent beaucoup des domaines et des années.","Viande rôtie, volaille (canard rôti, caille farcie), filet mignon."
Monthélie,": Le monthélie rouge revêt souvent une belle robe rubis vif, aux nuances presque violacées.En blanc, le vin est de couleur paille et brillante, claire et limpide.","En rouge, le fruité s'impose d'emblée framboise, cerise, groseille, mûre, cassis. Les senteurs florales sont dominées par la pivoine. Avec le temps, le bouquet évolue vers l'épice, parfois l'animal et le sous-bois (fougère, champignon), le confit et le cuir.En blanc, le vin évoque l'aubépine, avec une nuance citronnée, et la pomme de reinette.","En rouge, la bouche harmonieuse révèle une pointe d'astringence lorsque le vin est jeune.En blanc, le monthélie est friand grâce à un bon équilibre entre le moelleux et la vivacité.","Viande blanche, lapin, volaille, fromages (cîteaux, brillat-savarin, saint-nectaire, brie). quenelles, sandre ou brochet en sauce, fromages (bleu, livarot, époisses)."
Auxey-duresses,": Les vins rouges ont souvent une belle robe rubis vif. Leurs nuances sont proches du violacé.En blanc, le vin est paille et brillant, clair et limpide, cristallin.","Pour les vins rouges, le fruité s'impose d'emblée. Ses nuances vont du fruit rouge (framboise, cerise, groseille) au fruit noir (mûre, cassis). Les senteurs florales sont dominées par la pivoine. Avec le temps, le bouquet évolue vers l'épice, parfois l'animal et le sous-bois (fougère, champignon), le confit et le cuir.Pour les vins blancs, la palette évoque l'aubépine, avec une nuance citronnée, et la pomme de reinette.","Pour les vins rouges, la bouche est régulière, avec un rien d'astringence lorsque le vin est jeune. La chair et les tanins se complètent parfaitement. Il est préférable de faire patienter le vin en cave.Pour les vins blancs, on perçoit de l'ampleur et du gras, ainsi qu'une vivacité spontanée et assez d'acidité pour bien vieillir. Un vin généralement friand, moelleux, sans être lourd.","Les vins rouges de l'appellation auxey duresse s'accordent au mieux avec les plats suivants filet mignon de veau, agneau, lapin, volaille, fromages (cîteaux, brillat-savarin, saint nectaire, brie). pour les vins blancs auxey duresse, les meilleurs accords mets et vins seront terrine, quenelles, cuisses de grenouilles, feuilleté d’escargots, sandre ou brochet en sauce, poisson poché, fromages (bleu, livarot, époisses)."
Saint-romain,": En rouge, le saint-romain présente une robe cerise noire qui évolue vers le carmin.En blanc, le vin s'habille d'or pâle à reflets verts. Cette nuance fonce légèrement avec l'âge.","En rouge, le bouquet se compose de cerise aigre, de groseille, de bourgeon de cassis et de sous-bois. Vers quatre ou cinq ans, le saint-romain évolue vers des sensations de fruits macérés dans l'alcool, d'épices ou de fumé.En blanc, toute la gamme des fleurs blanches se décline. Le tilleul, la citronnelle, le buis se distinguent nettement, sous des accents fréquemment minéraux. L'essence de rose, le coing apparaissent parfois. Après trois ou quatre ans de vieillissement, émergent les fruits jaunes mûrs (prune, mirabelle) et un léger miellé.","En rouge, le saint-romain est souvent un peu sévère dans sa prime jeunesse. Il a besoin de quelques années de garde pour parfaire ses qualités, exprimant alors sa maturité. Si l'acidité le porte, si ses tanins restent discrets, le corps apparaît bientôt, ferme et élégant, possédant tout ce qu'il faut de chair pour impressionner.En blanc, le saint-romain révèle l'empreinte d'un chardonnay assez vif. Il a de la sève et du montant dès ses premières années. L'âge (quatre ou cinq ans) lui apporte un mœlleux qui caresse le palais, avec le rappel du fruit.","Oeufs en meurette, pâté en croûte, volaille rôtie, blanquette de veau, navarin d’agneau, fromages (cîteaux, brillat-savarin). crustacés, poissons notamment fumés, cuisses de grenouilles, truite en gelée, fromages de chèvre."
Blagny,": La robe est le plus souvent d'un rouge intense, pourpre foncé, et se colore de reflets mauves. Elle évoque des lueurs crépusculaires, jusqu'à la cerise noire, le rubis profond.","Bien fruitée, la gamme aromatique va du petit fruit rouge (fraise, framboise) au petit fruit noir (cassis, mûre). Les arômes de maturité regroupent fruits macérés dans l'eau-de-vie, cuir, poivre, cacao et réglisse. On décèle peu de sensations florales.","Le blagny est un vin charpenté et structuré, concentré, qu'il faut attendre un peu, le temps que la mâche se fonde. Il est toujours excellemment parfumé.","Gibier à poil (lièvre, sanglier), boeuf bourguignon, fromages puissants (soumaintrain, époisses, langres, ami du chambertin, munster)."
Puligny-montrachet,": En blanc, le vin est cousu d'or, luisant, à reflets verts. Cette tonalité prend de l'intensité, de la profondeur avec l'âge.En rouge, la robe est nette et limpide, pourpre assez vif dans sa jeunesse, assombri avec le temps.","Au nez, le puligny-montrachet blanc suggère la fougère, l'aubépine, le raisin mûr, la pâte d'amandes, la noisette, l'ambre, la citronnelle, la pomme verte. Les arômes minéraux (silex, pierre à fusil) et lactiques (beurre) sont fréquents. Le miel est habituel, surtout au bout de quelques années de garde.En rouge, la fraise, le cassis, les petits fruits rouges et noirs se déclinent. Avec l'âge, les accents tirent sur le cuir, le musc et la fourrure.","En blanc, le corps et le bouquet se fondent avec l'âge. La concentration est remarquable.En rouge, le vin se révèle tendre et fruité, charnu au bout de quelques années.","Filet mignon, viande grillée ou rôtie, fromages (comté, cîteaux). vol-au-vent, pauchouse de la saône, quenelles de brochet, jambon à la crème, poularde de bresse à la crème et aux morilles."
Montrachet,": La robe classique du montrachet brille d'or vert illuminé de reflets émeraude. Avec le temps, cette couleur évolue vers le jaune d'or vif.","Nuance de fougère côté puligny, de beurre et de croissant chaud côté chassagne. Il s'y ajoute souvent la citronnelle, les fruits secs, l'amande amère, un rien de minéral, quelques épices encore et le miel, l'aubépine, la réglisse. Des notes d'orange apparaissent parfois.","Un corps fondé dans sa jeunesse sur toute l'acidité nécessaire, miellé?; le montrachet est onctueux et pourtant sec, ferme, enveloppé et profond. Il ne dévoile aucun excès de gras ni de puissance, mais un raffinement extrême.","Homard, langouste, coquilles saint-jacques, poularde aux morilles, poisson (bar en croûte de sel, sole, saumon)."
Chevalier-montrachet,": Sa robe classique brille d'or clair, illuminée de reflets émeraude. Avec le temps, cette nuance évolue vers le jaune d'or vif.","Une minéralité élégante, assortie de pain frais, et un bouquet végétal (verveine, fougère) et floral (jacinthe) s'expriment dès son jeune âge.","Après la grande finesse aromatique au nez, la bouche est de belle constitution et de longue persistance.","Langouste et homard grillés, coquilles saint- jacques, écrevisses à la nage, mousseline de brochet, omble chevalier."
Bâtard-montrachet,": La couleur classique du bâtard-montrachet brille d'or clair, illuminé de reflets émeraude. Avec le temps, cette nuance évolue vers le jaune d'or vif.","Subtil, le nez du bâtard-montrachet mêle la fleur blanche, l'écorce de citron et lacitronnelle, la vanille et le fruit sec (amande amère) ; s'y ajoutent des touches d'épices, de miel, et parfois, une note d'orange. Côté Puligny, les parfums se teintent de fougère, tandis qu'ils prennent des tons chaleureux de beurre et de croissant chaud côté Chassagne.","Le bâtard-montrachet dévoile au palais opulence et profondeur. Sa puissance, héritée de sols riches en argiles, lui garantit une grande tenue dans le temps. Autre facteur de longévité, sa belle trame acide confère à la bouche équilibre et persistance aucun excès de gras et de puissance dans ce vin raffiné à l'extrême, à la fois ferme et caressant.","Quenelles de brochet, vol-au-vent, dodine de canard, jambon du morvan à la crème, poularde de bresse à la crème et aux morilles."
Bienvenues-bâtard-montrachet,": Le bienvenues-bâtard-montrachet s'habille d'une robe or clair, à reflets verts.","Floral et minéral, le bouquet offre des arômes d'acacia, d'agrumes, de verveine et de miel. Une note de tilleul ainsi que des effluves gourmands de brioche chaude signent le cépage chardonnay.","Le corps est parfaitement équilibré et tout en finesse. Au palais, le vin révèle son ampleur et sa richesse.","Grands crustacés à la nage, quenelles de brochet, poisson poché et crémé, poularde de bresse à la crème et aux morilles, fromages (munster, bleus, vieux comté)."
Criots-bâtard-montrachet,": Le criots-bâtard-montrachet brille d'une couleur or vert cristalline, limpide.","Les arômes floraux d'aubépine, de tilleul, de fruits blancs, sur fond vanillé, sont d'une extrême complexité? aux arômes de citronnelle, de fruits secs, d'agrumes et d'épices, et tirent parfois sur le silex, la pierre à fusil.","La texture généreuse, nette et persistante est d'une grande élégance.","Dodine de canard, quenelles de brochet, poularde de bresse à la crème et aux morilles."
Chassagne-montrachet,": Rouge vif à reflets violets, le pinot est généreux en couleur : une nuance à la limite du noir.Le chardonnay s'exprime en lamé d'or. Une robe bien marquée, à reflets verts.","En rouge, la griotte, le noyau de cerise sont avec la framboise, la fraise des bois, la groseille les accents habituels. Un peu d'animal et d'épices complètent le tableau.En blanc, on ne s'étonnera pas de débusquer des arômes de fleurs blanches (chèvrefeuille), de verveine et de noisette. Apparaissent aussi des notes minérales (silex), ainsi qu'un bouquet toasté dû au fût et au caractère de ce vin spontanément beurre frais. Des notes miellées et parfois de poire mûre s'y ajoutent.","En rouge, sous une chair généreuse apparaissent des tanins quelquefois austères dans leur jeunesse. L'ensemble est généralement concentré et d'une agréable complexité.En blanc, l'attaque ne manque pas de vivacité mais quelques années de garde apportent ce qu'il faut de gras à une bouche agréablement fraîche. Le chassagne-montrachet premier cru est tout en courbes et souvent opulent.","Viande (gigot de mouton, tournedos béarnaise, coq au vin, civet de lièvre), fromages (époisses, soumaintrain, morbier). vol-au-vent, poisson, coquilles saint-jacques, volaille de bresse à la crème, fromages (chèvre, comté)."
Saint-aubin,": Grenat sombre ou carminé, le plus souvent intense, le saint-aubin rouge laisse apparaître des reflets framboisés.En blanc, il est or pâle ou bouton d'or. Toutes les nuances existent selon la vinification et le millésime.","En rouge, se libèrent des arômes de mûre, de crème de cassis, de cerise griotte, de kirsch. Le dégustateur a ainsi l'impression de poser le nez sur un pot de confiture de fruits rouges. Le sous-bois, l'humus, le champignon complètent la palette. Plus mûr, le vin évolue vers des senteurs d'épices (girofle), de pruneau, d'animal et de cuir.Le saint-aubin blanc associe dans sa jeunesse des arômes de fleurs blanches, de silex, d'amande verte, de fleur d'oranger, de fougère, de citron, avec des connotations florales. Avec l'âge, il évoque la cire d'abeille et le miel, la pâte d'amandes, l'ambre, les épices (poivre, cannelle).","Le saint-aubin rouge est charnu dès sa jeunesse. Sa bonne mâche repose sur des tanins présents. L'évolution le rend tendre et souple, chaleureux. On éprouve alors une sensation savoureuse, souvent très persistante.Un vin blanc sec et onctueux, ferme et caressant le saint-aubin offre ces qualités. Parfois un peu pointu dans son adolescence, vif, il sait se montrer mœlleux au terme d'un élevage de deux ou trois ans. Riche, gras, complet, reposant sur une bonne acidité, il présente alors une bouche délicieusement miellée.","Pâté de lièvre, agneau au four, charolais, volaille rôtie, fromages. crustacés, truite aux amandes, poisson à la crème, foie gras, feuilleté, viande blanche, fromages."
Santenay,": La robe du santenay rouge est parfaitement définie par le nom d'un des climats du vignoble : Beauregard. Un regard rouge sombre tirant sur le noir – cerise noire, tulipe noire –, ou encore pivoine très soutenu, rubis violacé.Jaune léger, le santenay blanc évolue vers l'or et l'émeraude.","Les arômes du santenay rouge s'inscrivent dans des gammes classiques en pinot noir les petits fruits (framboise, groseille, myrtille), les épices (poivre, cannelle), des nuances de violette, de menthe, de réglisse, ou encore des notes balsamiques (résine de pin). Le champignon n'est pas rare. Avec l'âge, le vin dévoile des arômes de cuir et de fruits confits, macérés, qui tirent sur le noyau (pruneau).Le santenay blanc offre des touches de fleurs blanches, d'agrumes, d'amande douce et de pain grillé.","Le santenay rouge peut se présenter d'emblée sous des traits suaves, tendres et ronds, avec une jolie suite en bouche d'arômes fruités. Charpenté, il est sérieux et accompli. Un vin de garde, assurément.En blanc, le santenay a une parenté évidente avec le chassagne-montrachet, son voisin. Vigoureux, corsé, il s'exprime de façon bouquetée (noisette, fougère).","Rôti de veau, canard au poivre vert, coq au vin, gibier, fromages (morbier, pont-l’évêque, chaource). fruits de mer, poisson (truite aux amandes)."
Maranges,": Les maranges présentent une teinte rubis profond, tirant parfois sur le grenat sombre. Des touches carminées ne sont pas rares.En blanc, la couleur est nette et lumineuse, plutôt paille clair ou or très fin, embellie souvent par des reflets émeraude.","Les maranges rouges dévoilent des arômes de fraise, de framboise et de griotte. Des notes fleuries (pivoine, violette) apparaissent. Puis, l'âge conduit à des sensations de pain d'épice, de venaison, de cuir.En blanc, l'aubépine et l'acacia composent un bouquet frais.","Les maranges rouges sont fermes, structurés. Du gras et une certaine complexité composent une bouche expressive. L'acidité est généralement suffisante pour assurer quelques années de garde.Les vins blancs ont du montant, de la sève et parfois de la vivacité.","Boeuf bourguignon, perdrix au chou, ossobuco, fromages (époisses, soumaintrain, cîteaux). poisson de rivière."
Côte-de-beaune-villages,": Au nord de l'aire d'appellation, les vins se parent d'une robe rubis d'intensité moyenne. Au sud, leur couleur est plus sombre et prend dans les jeunes vins des nuances violacées.","Le nez mêle des parfums de fruits noirs et rouges (cassis, groseille, fraise) à des senteurs florales (violette), et se développe ensuite sur des arômes d'humus, de sous-bois et de champignon.","Les vins les plus septentrionaux sont souples. Les tanins s'expriment d'avantage dans les cuvées sudistes dont le palais peut sembler un peu sévère lorsque les vins sont jeunes. Après deux années de garde, les tanins s'arrondissent et confèrent à la bouche une belle matière, charnue et équilibrée.","Boeuf bourguignon, boeuf carottes, lapin à la bière, dinde farcie, viande rôtie, brochette de boeuf aux herbes, fromages (maroilles, époisses, saint-marcellin)."
Grande-rue (La),": La robe est magnifique, d'un grenat brillant.","Les arômes sont typés avec des nuances de violette, de framboise et de fruits des bois. S'y ajoutent des touches fumées et réglissées.","Dense, pleine de mâche, la grande rue révèle une structure ample et un élevage sous bois bien maîtrisé. Sa grande capacité de garde garantit une belle harmonie.","Gibier, viande rouge, fromages (cîteaux, brillat-savarin)."
Fixin,": Un vin rouge haut en couleur, à la robe violine, limpide et brillante. Ses reflets violacés animent la tonalité générale. La couleur peut toutefois être plus tendre ou, au contraire, cerise noire.Les blancs sont jaune paille doré.","Le bouquet du fixin rouge se partage entre des arômes floraux (violette, pivoine), fruités (griotte, cassis, mûre, coing parfois), animaux, musqués et poivrés.Le noyau de cerise n'est pas rare ainsi que les accents réglissés.On décèle à l'occasion la pêche cuite et la ronce.Un bouquet d'églantine sur fond minéral, légèrement muscaté, domine dans les blancs.","Souvent tannique et un peu dur dans sa jeunesse, le fixin rouge a besoin de quelques années en cave pour parfaire sa maturité. Il présente alors une attaque ronde et enlevée, une structure solide. Très persistant les bonnes années, il possède un gras remarquable, une texture fine et délicate. Il dispose d'une bonne acidité, gage d'heureuse vieillesse. Le fixin est un vin d'hiver car il demande à se faire. Chaque premier cru a son caractère le Clos de la Perrière, ferme et distingué?; le Clos du Chapitre souvent rude dans sa jeunesse, puis remarquablement épanoui?; Les Hervelets et Les Harvelets, friands et tendres.Les vins blancs ont un goût franc et agréable.","Oeufs en meurette, poularde de bresse aux morilles. poisson fin (lotte)."
Chambertin,": Le chambertin est un vin à la robe vive, dont les nuances vont du rubis foncé jusqu'à la cerise noire.","La partition aromatique peut comporter le cassis en ouverture, la groseille puis la framboise en finale. Mais la cerise à l'eau-de-vie, le noyau, l'épice et la réglisse sont souvent au rendez-vous. Quelques apports floraux – rose, jasmin ou réséda – et des notes de mousse, de sous-bois, de gibier apparaissent.","Corps, finesse, bouquet, le chambertin regorge de sève et de moelleux. Un vin entier, très concentré, puissant, sûr de lui et quelque peu dominateur. Chair et charpente s'harmonisent à merveille. L'âge le rend somptueux.","Truite ou brochet poché au chambertin, daube, coq au chambertin, gibier (chevreuil, lièvre, sanglier), fromages de caractère (ami du chambertin)."
Chambertin-clos-de-bèze,": Le chambertin-clos-de-bèze a une robe colorée, limpide et profonde.","Ouvert sur la griotte et la framboise, il est tendre et réglissé, fruité (cassis, mûre).","Puissant et long, le chambertin-clos-de-bèze exprime la force, l'opulence et l'élégance. Sa chair est voluptueuse. Il faut savoir l'attendre une bonne dizaine d'années.","Gigue de chevreuil, pigeon aux épices."
Latricières-chambertin,": Le latricières-chambertin porte une robe grenat intense, violacé.","Très entreprenant, le vin exprime le végétal noble et un boisé fin. Il évoque le sous-bois, la mousse, le champignon.","Corsé, le latricières-chambertin offre une concentration hors du commun. C'est un vin caressant, rond et soyeux, plein de sève et très long.","Canard au sang, magret de canard grillé, coq au vin, salmis de pintade."
Chapelle-chambertin,: La robe sombre évolue vers les feux du couchant.,"Le chapelle-chambertin possède une dominante empyreumatique, tout en laissant s'exprimer le fruit rouge et le végétal. Il offre des notes épicées, grillées, puis des parfums de framboise et de cannelle.","L'attaque apparaît franche, les tanins puissants, la bouche persistante. Il faut laisser vieillir ce vin au moins une dizaine d'années.","Lapin au raisin de chasselas, palombe rôtie, pigeon
aux épices, canard aux épices."
Charmes-chambertin,: Le charmes-chambertin se présente dans une robe d'un rouge grenat limpide à reflets violacés.,Violette et réglisse se partagent le bouquet avec des nuances vanillées ou grillées qui ne doivent rien au fût.,"Gras, concentration, élan annoncent une bouche aromatique.Le charmes-chambertin est un vin soyeux.","Volaille aux truff es, gigue de chevreuil, fi let de biche, pigeon aux épices."
Griotte-chambertin,": La robe rouge sombre, profonde, évoque la cerise.","La palette révèle surtout des arômes de fruits rouges et de fruits noirs bien mûrs, sur des accents réglissés.",Le griotte-chambertin allie la finesse et la puissance. Il présente un corps structuré et long.,"Poisson de rivière (truite, brochet poché, sandre), coq au vin, viande blanche, fromages (ami du chambertin), pêches de vigne au chambertin."
Mazis-chambertin,": Une robe sombre, profonde, rouge rubis habille le mazis-chambertin.","Le bouquet se compose de cerise confite, de cassis, de myrtille et d'épices. Il évoque aussi le cuir et la réglisse.","Puissance et distinction, richesse et plénitude caractérisent le mazis-chambertin, qui se prolonge en bouche dans une longueur presque sans fin.","Poisson (truite, brochet poché au chambertin), gibier (civet de lièvre), boeuf en daube, fromages (ami du chambertin)."
Mazoyères-chambertin,: Le vin est de couleur rouge vif à reflets violacés dans sa jeunesse.,Les arômes de petits fruits rouges frais (griotte) ou confits partagent la vedette avec les notes grillées. Ils sont suivis de nuances de cuir.,"Puissant, le mazoyères-chambertin présente une grande complexité fruitée (fruits à noyau) et longueur en bouche.","Poisson de rivière, gibier, volaille aux truff es, fromages (ami du chambertin, époisses)."
Ruchottes-chambertin,": Le ruchottes-chambertin s'habille d'une robe rubis vif, aux multiples reflets.","Le bouquet est discret, fruité (cassis, groseille, framboise) et floral (rose, jasmin).","Vigueur et mordant, richesse en tanins et en alcool caractérisent le ruchottes-chambertin. Ce vin possède à la fois du gras et du fondu.","Poisson (truite, matelote de la saône, brochet poché au chambertin), gibier, boeuf en daube, fromages (ami du chambertin)."
Morey-saint-denis,": La robe du morey-saint-denis rouge évolue du rubis vif au grenat intense, en passant par le carmin. Les reflets violacés sont un signe de jeunesse préservée.En blanc, la couleur est très claire.","Le bouquet du morey-saint-denis rouge se partage entre les petits fruits noirs (cassis, myrtille, mûre) et le fruit rouge à noyau (cerise), mais il comporte mille variantes (prunelle, réglisse, ronce, violette, jasmin, œillet). Les arômes de fruits macérés (fruits à l'eau-de-vie) apparaissent avec l'âge.Les vins blancs expriment des notes florales qui l'emportent sur les épices et les arômes de beurre.","Un morey-saint-denis classique est soutenu, structuré. Le fruit mûrit avec les années.Fin, le morey-saint-denis blanc réussit le parfait équilibre entre gras et acidité.","Pintade au chou, lapin à la moutarde, fromages (époisses, munster, livarot). poisson de rivière, volaille."
Clos-de-la-roche,": La robe est rubis franc, tirant sur le framboisé ou quelquefois sur des nuances crépusculaires, sombres et violacées.","Les arômes les plus courants s'inscrivent dans plusieurs familles. Le fruit la merise (cerise sauvage), l'airelle. Le floral la violette surtout. L'humus, le sous-bois, la terre mouillée. Autres arômes fréquents truffe et réglisse.","Le clos-de-la-roche apparaît charpenté, avec une mâche, une puissance étonnante. Sa longueur en bouche s'éternise dans les grands millésimes.","Jambon sauce au vin, râble de lièvre, cuissot de sanglier, chevreuil, palombe, côte de veau aux champignons, fromages (vacherin, mont-d’or, saint-nectaire, cîteaux)."
Clos-saint-denis,: La robe rouge grenat sombre se distingue par ses reflets violacés.,"Les parfums se mêlent de façon subtile et complexe cassis, mûre, pain d'épice, mais aussi pruneau, musc, violette et café.","Le clos-saint-denis est souvent d'une tendresse fruitée, il a un charme saisissant. Moins remarquable par son ampleur que par ses nuances, il gagne un caractère un peu plus chaleureux lorsqu'il est issu de la partie méridionale de l'appellation.","Jambon à la crème (ou à la lie de vin), gibier (râble de lièvre, cuissot de sanglier, chevreuil), fromages (vacherin, mont-d’or, saint-nectaire, cîteaux)."
Clos-de-tart,": La robe est d'un beau rouge soutenu, rubis.","Jeune, le clos-de-tart présente des arômes de fruits rouges (fraise, framboise) et de fleurs (violette).Plus âgé (une dizaine d'années), ce grand cru devient extrêmement parfumé, évoquant la venaison, les épices et le cuir, les fruits mûrs.","Assez tannique dans sa jeunesse, le clos-de-tart s'assouplit avec l'âge pour devenir un très grand vin, élégant, structuré, d'une garde merveilleuse.","Jambon à la crème, gibier à poil (lièvre, sanglier, chevreuil), fromages (vacherin, mont-d’or, saintnectaire, cîteaux)."
Clos-des-lambrays,": La robe est rubis franc, tirant sur le framboisé ou quelquefois sur des nuances sombres et violacées.","Le clos-des-lambrays exprime des arômes complexes de cuir, de fruits cuits, de tabac blond, de feuilles mortes et de sous-bois. Un côté animal apparaît après la garde.","Le clos-des-lambrays est un vin corsé, à la fois rude et souple, main de fer dans un gant de velours. Il exprime rarement les petits fruits rouges et noirs.","Gibier à plume (palombe, faisan, grive) et à poil (chevreuil, lièvre, marcassin), fromages à pâte molle."
Chambolle-musigny,": La robe du chambolle-musigny s'accompagne parfois d'une nuance rouge brique ou rubis souvent très vif, avec une auréole de reflets brillants et lumineux.","La violette se rencontre fréquemment, de même que les petits fruits rouges (fraise, framboise surtout).Un vin assez âgé exprimera le fruit mûr épicé, le pruneau, quelquefois des accents plus sauvages, la truffe, le sous-bois, l'animal.","Riches, bouquetés et complexes, ces vins, en particulier les premiers crus, ont une personnalité caractéristique. Ils évoquent la soie et la dentelle. Leur finesse charnue ne les empêche pas de conserver une structure assez solide pour résister aux effets de l'âge.","Volaille et viande tendre (tournedos chasseur, canard braisé au vin rouge ou à l’orange, sauté d’agneau), fromages (brillat-savarin, cîteaux)."
Bonnes-mares,": La robe est d'un beau rubis net et franc, tirant sur des nuances pourpre sombre ou grenat foncé avec des reflets mauves.","Les arômes forment un bouquet teinté de violette. Autre rappel le sous-bois, la mousse, le champignon, la terre mouillée et quelques notes animales. L'âge apporte des touches de cuir, de musc, de fourrure et d'épices. Le vin devient en outre plus fleuri (lilas, bouton de rose) que fruité (mûre, myrtille).","Ce vin très racé a besoin de plusieurs années pour s'ouvrir. D'une nature assez tannique, il s'affine peu à peu pour devenir riche, gras, d'une belle texture et d'une structure charpentée. Son caractère est souvent corsé, parfois un peu sauvage. Le bonnes-mares possède une longévité remarquable, jusqu'à trente ou cinquante ans.","Canard, poulet de bresse aux petits légumes,
gibier, fromages (époisses, ami du chambertin,
soumaintrain, langres)."
Musigny,": La robe du musigny rouge est de teinte framboise, dans une tonalité profonde.En blanc, le vin chardonne superbement dans des teintes or clair évoluant avec l'âge vers l'or jaune.","En rouge, le musigny évoque un jardin mouillé par la rosée du matin la rose, l'églantine, la violette.En blanc, il mêle la violette à l'amande.","En rouge, on reconnaît à ce vin l'équilibre parfait entre les tanins et la délicatesse. Le","Canard, dindonneau rôti, volaille de bresse, fromages (cîteaux, coulommiers). écrevisses, homard à l’américaine."
Vougeot,": En rouge, la couleur est profonde et lumineuse, avec une tonalité pourpre.En blanc, la robe est fine, délicate. Après une décennie, elle évolue vers une teinte or plus soutenue.","En rouge, le nez évoque les fleurs (violette) et les fruits rouges ou noirs (framboise, griotte, cassis). Les vins âgés développent des notes de sous-bois, de feuille morte, de truffe, accompagnées d'évocations animales.En blanc, les arômes d'aubépine et d'acacia sont d'un abord aimable. Puis apparaît une nuance minérale héritée du sol pierreux, très calcaire de Vougeot. Pomme et agrumes se manifestent quelquefois, tandis que l'ambre et les épices se révèlent dans les vins plus âgés.","Le gras et l'acidité composent l'harmonie du vougeot rouge. Les tanins sont certes présents, mais délicatement enrobés. Une touche réglissée est fréquente.Le vougeot blanc est sec, vif, avec cette nuance corsée, assez particulière du chardonnay en Côte de Nuits.","Viande rouge grillée ou rôtie, gibier (faisan, chevreuil), fromages (cîteaux, brillat-savarin, reblochon, vacherin, mont-d’or). poisson grillé ou au four, fromages (comté, chèvre)."
Clos-de-vougeot,": Selon l'âge et la vinification, la robe varie du rouge framboise limpide au grenat intense.","La suavité d'un bouquet évoquant l'arôme du printemps. Cette gamme réunit la rose fraîchement éclose, la violette sous la rosée, les résédas mouillés, l'églantier. Il s'y ajoute d'autres registres mûre, framboise, myrtille, bigareau, réglisse, menthe sauvage, truffe.","Le clos-de-vougeot a de la sève et du moelleux, de la finesse, un goût souverain. Plein, charnu, il lui arrive d'exploser en bouche.Il possède deux traits remarquables son aptitude à une longue garde et la persistance en bouche. Une fois qu'il s'installe au palais, il n'en bouge plus.","Gibier à poil (chevreuil, marcassin), gibier à plume (perdreau, bécasse, grive), rôti de boeuf, gigot d’agneau en croûte et aux truff es, jambon en croûte, pâté chaud, fromages (époisses, langres, ami du chambertin, saint-fl orentin, soumaintrain)."
Échézeaux,": Rubis pur, vif et profond, une robe limpide dont les nuances tirent en général sur des teintes grenat, violet pourpre, assez sombres.","Avec l'âge, un nez fait de poivre et de musc, de fourrure, de cuir et d'épices, de pruneau. Un sous-bois de mousse, de champignons, de terreau humide, de gibier. Le fruit dans l'alcool, la mûre complètent cette gamme aromatique. Dans les vins encore jeunes, on rencontre le pin, l'églantine, la rose, la violette, la cerise fraîche.","L'échézeaux est parfait au bout de deux ou trois ans, puis il se ferme et réapparaît après cinq à dix ans. L'attaque est enlevée, l'équilibre plaisant sur des tanins assez souples, la rondeur goûteuse et souvent framboisée.","Gigot d’agneau, viande rouge, gibier, fromages (cîteaux, saint-nectaire, coulommiers, brillat-savarin, reblochon)."
Grands-échézeaux,": Des teintes grenat, violet pourpre, assez sombres, animent la robe.","Poivre, notes animales et épicées, pruneau, mais aussi sous-bois forment une palette riche et complexe que complètent les arômes d'un boisé bien maîtrisé.","Subtil et raffiné, un grands-échézeaux exprime toute la complexité bourguignonne, tout le potentiel du pinot noir sur un terroir prédestiné. Il est grand avant d'être échézeaux, avec une touche de classe, de vinosité en plus, une texture dense, un grain serré.","Gigot d’agneau, rôti de boeuf, gibier à plume, fromages (cîteaux, saint-nectaire, coulommiers, brillat- savarin, reblochon)."
Vosne-romanée,": La robe pourpre intense, rouge feu, s'oriente parfois vers le grenat.","Le fruit bien mûr sur fond épicé constitue l'arôme dominant. La fraise et la framboise pour les petits fruits rouges?; la mûre, la myrtille et le cassis pour les petits fruits noirs. Ces arômes fondus et raffinés évoluent avec l'âge vers la cerise à l'eau-de-vie, le confit, le cuir et la fourrure. Des notes torréfiées dues à l'élevage en fût peuvent apparaître.","Velours et distinction la plénitude du pinot noir. Le vosne-romanée est un vin de garde qui nécessite plusieurs années de maturité. Quelque peu austère et ferme dans sa jeunesse, il tire profit du temps pour enrober ses tanins. La finale est d'une longueur remarquable.","Oeufs en meurette, gibier à poil, canard aux navets, poulet de bresse, fricassée de champignons, fromages (brie, saint-nectaire, coulommiers)."
Romanée (La),": D'une tonalité très soutenue et profonde durant les premières années, la robe devient vivace, intense après quinze ans de garde.","Le fruit noir (cassis et mûre) constitue l'entrée en matière d'une jeune romanée, qui reste assez fermée dans ses cinq ou six premières années. Avec le temps s'ajoutent des arômes de figue ou de datte, de prune et de fruits confits qui évoluent à l'aération vers des senteurs animales (musc, cuir, fourrure).","Souvent un peu dure dans sa jeunesse, plus veloutée ensuite, la bouche est tout en arômes de cerise fraîche. Elle s'exprime différemment selon le millésime, tantôt fruitée, tantôt corsée.","Gibier à plume (faisan, perdreau, pigeon) ou à poil (noisette de chevreuil aux raisins), chapon aux truff es, gigot ou selle d’agneau, fromages (époisses ou cîteaux)."
Romanée-conti,": La robe du vin jeune est d'un rouge vif et lustré. Il faut alors attendre cinq à dix ans pour qu'elle prenne des teintes carmin, nuancées d'acajou mordoré.","Le vin dans sa maturité laisse percevoir un bouquet aussi subtil que complexe, mêlant rose à peine fanée, raisin en fleur, mûre, violette, terre mouillée, noyau de cerise, bruyère, cèpe, truffe, voire noix, musc et cuir.","Particulièrement discret dans sa jeunesse, le palais affiche déjà une structure parfaite, à la fois souple et serrée, soutenue par une belle acidité. Cette constitution monumentale et cette texture d'une extrême finesse révèlent peu à peu une personnalité d'une complexité sans limite.","Carré de mouton, lièvre à la royale, fi lets de levraut truffés, rôti de boeuf, fromages (cîteaux, saint-nectaire, coulommiers, brillat-savarin, reblochon)."
Romanée-saint-vivant,": La robe pourpre très soutenu a suffisamment d'étoffe pour ne rien perdre de sa vivacité avec l'âge. La couleur tire, avec le temps, sur le mordoré, l'acajou.","Les vins de romanée-saint-vivant évoquent fréquemment la rose, la cerise, parfois la résine, la pistache, l'encens aussi, sur des élans de sauvagine, d'épices et de menthe poivrée.","D'une féminité extrême, la romanée-saint-vivant offre souvent un goût de cerise cueillie sur l'arbre. Derrière la grâce, une texture très fine, la marque du pinot noir, le maximum de gras en bouche. C'est un vin à conserver avec précaution.","Gibier, lièvre à la royale, coq au vin, fromages (cîteaux)."
Richebourg,": Un richebourg peut être rubis léger ou drapé de velours, ou bien rouge sombre tirant sur le pourpre. Cependant, la robe est presque toujours intense et dense, lumineuse et parcourue de reflets carmin.","Jeune, le vin dévoile des arômes de musc, de cuir de Russie et des nuances de santal. Il évolue vers l'aubépine et la fleur de pêcher. Puis, deux familles aromatiques se distinguent à travers les nuances de lichen, de sous-bois, de champignon et les notes de cerise, de cassis, de fruits cuits ou confits.","Il faut laisser à ce vin le temps nécessaire à sa montée en puissance, à la recherche de son équilibre. Car jeune, il est intense, violent. Le richebourg devient, les grandes années, élégant et racé, très concentré et capable d'une longue garde.","Pièce de charolais, pigeonneau, chapon aux truffes, faisan au céleri, noisette de chevreuil aux raisins, lièvre à la royale."
Tâche (La),: La robe rubis se pare de reflets sombres.,"La palette réglissée mêle des arômes d'herbes sauvages, d'épices, de champignon et de fruits à l'alcool. Le nez est riche et concentré.","Si elle semble réservée dans ses deux premières années, la tâche s'exprime ensuite avec élégance grâce à une structure ample et longue.","Poule faisane, poularde de bresse, truff e, fromages (coulommiers, cîteaux)."
Nuits-saint-georges,": Nocturne jusque dans son nom, le nuits-saint-georges présente souvent une robe pourpre crépusculaire, intense et tirant parfois sur le mauve. Un rouge net, sombre et lumineux.","Le nuits-saint-georges évoque souvent des nuances de rose et de réglisse. On rencontre selon l'âge du vin des parfums de jeunesse (cerise, fraise, cassis) ou des arômes plus mûrs (cuir, fourrure, truffe, gibier, épices). Les notes de fruits macérés (pruneau) sont fréquentes.","Le tempérament est d'abord vigoureux et corsé, volontiers tannique. Du corps et de la mâche. La maturité arrondit le vin en lui donnant un excellent moelleux. Certains premiers crus ont un caractère assez tendre et peuvent être bus jeunes par exemple, Les Damodes, Les Didiers (appartenant aux Hospices de Nuits), Les Corvées Paget, Les Saint-Georges.","Jambon à la crème, viande blanche, gibier, fromages (époisses, langres)."
Côte-de-nuits-villages,": En rouge, le vin tire jusqu'au grenat intense ou au rubis violacé, nuancé d'ambre avec l'âge. Jeune, il a une couleur cerise brillante.En blanc, il doit être or clair, légèrement doré, limpide.","En rouge, les arômes s'expriment sur fond de cassis, de groseille, de cerise et de fraise. Ils sont évocateurs du sous-bois, du champignon, de la cannelle.En blanc, les arômes rappellent les fleurs blanches (acacia, aubépine), ainsi que la prune, la pomme mûre avec l'âge, la figue, la poire ou le coing. Notes épicées également.","En rouge, ce vin puissant a besoin de quelques années de garde pour acquérir sa plénitude. Du gras accompagne le fondu des tanins.En blanc, vif, net, le vin conserve une expression aimable.","Viande rouge grillée, boeuf bourguignon, volaille, fromages. terrine de foie de volaille, poisson, lapin aux pruneaux."
Irancy,": La robe est rubis, tirant parfois sur le grenat, moyennement intense mais brillante.","Le fruit rouge « pointe » framboise, cerise, nuance de griotte. Le fruit noir (cassis, mûre) rehausse cette gamme aromatique vive et fraîche sur un ton plus capiteux. La violette apporte parfois des accents floraux. Plus âgé, l'irancy évoque les épices, la truffe, le cuir, le sous-bois.","Assez corpulent et riche, l'irancy présente un équilibre bien marqué entre l'étoffe et la vivacité. Jeune, il lui arrive d'être austère, un peu fermé. Quelques années de garde lui donnent de l'élégance et du relief. Un bon irancy doit exprimer une forte concentration, une charpente robuste, avec ce qu'il faut de rondeur.","Charcuterie, jambon persillé, viande en sauce, canard aux olives, petit salé aux lentilles, boeuf gros sel, fromages (époisses, chaource, soumaintrain)."
Petit-chablis,": Or argent, le petit-chablis est plutôt pâle, doré tendre.","Ce vin offre un bouquet de fleurs blanches et des arômes d'agrumes, de pierre à fusil et de cire d'abeille.","Vin charpenté, frais et très sec, le petit-chablis offre un retour minéral caractéristique.","Apéritif, fruits de mer (huîtres), andouillette, cuisine asiatique."
Chablis premier cru,": Le chablis était autrefois apprécié pour sa teinte pâle et limpide. Il se présente aujourd'hui sous des traits plus colorés, mais sans aller jusqu'au jaune, or pâle ou plus soutenu, à reflets verdâtres. Le fameux or vert.","Le chablis premier cru exprime un registre aromatique original. Les notes dominantes sont iodées et minérales (pierre à fusil, silex) sur fond de mousseron, de sous-bois. D'autres touches fréquentes sont le citron, les fruits secs, l'amande, le noyau, la feuille de cassis.","Le chablis premier cru est sec, vif et léger. La rondeur et la distinction sont les points communs de tous les premiers crus. L'harmonie entre le corps et l'acidité est remarquable, selon un tempérament généralement incisif mais généreux le gras enveloppe une flamme minérale. Souvent très long, ce vin a du montant.","Fruits de mer, cuisses de grenouilles, chapon rôti,
poularde de bresse, poisson de rivière en sauce
ou à l’oseille, fromages (bleu de bresse, crottin de
chavignol)."
Chablis grand cru,": Le chablis offre des traits discrets, dans cette tonalité or vert qui est ici le signe de la perfection.","Les arômes classiques se distinguent par des notes beurrées (croissant chaud). Le chablis est minéral (silex, pierre à fusil), avec des accents de tilleul, de jujube disent certains, de fruits secs, de miel et d'amande grillée (élevage en fût). Le mousseron est le champignon le plus chablisien.","Le chablis grand cru a naturellement le goût du chardonnay bourguignon, mais le miel y est plus discret, au profit des mêmes sensations minérales. L'équilibre parfait entre l'acidité et le gras fait tout le charme et l'originalité d'un vin inimitable et pourtant imité.","Fruits de mer, poisson en sauce, truite aux
amandes, viande blanche, volaille (poularde à la
crème), cuisses de grenouilles, escargots de bourgogne."
Saint-bris,": Le saint-bris est souvent or clair, d'un blanc mat. Parfois, un jaune plus soutenu l'habille.","La palette dévoile des arômes minéraux de silex, de pierre à fusil. Le côté chablisien du vin se révèle à travers des notes de champignon et de sous-bois. Le cuir et les épices sont également perceptibles. Certains saint-bris sont plus aromatiques encore?; ils déclinent les agrumes – notamment le pamplemousse –, les fleurs blanches, le bois de rose, la feuille de cassis, la pomme, l'amande amère et parfois même la framboise.","Très sec, le saint-bris laisse une impression de vivacité grâce à ses notes acidulées de pomme verte et d'agrumes. Floral et tendre, il délaisse sa verdeur de jeunesse pour acquérir plus de sève après deux ou trois ans de garde.",
Mâcon et mâcon-villages,: La robe de ce vin oscille entre l'or jaune et la couleur paille?; elle tire quelquefois vers l'or blanc ou le cendré.,"Les arômes s'inscrivent dans le registre floral en rappelant le genêt, l'acacia, le chèvrefeuille. La fougère, la verveine, la citronnelle et les agrumes complètent la palette.","Le mâcon-villages est un vin frais et sec. Bien fruité au palais, il ne manque ni de rondeur ni de suavité. Sa constitution de qualité, grâce à un bon support acide, lui permet une petite garde.","Charcuterie, andouille aux haricots, petit salé aux lentilles, boeuf gros sel, fromages (reblochon, tomme, abondance). entrées, charcuterie. cuisses de grenouilles, escargots, jambon persillé, poisson poché (vin jeune) ou cuisiné (vin plus mûr), andouillette, poulet de bresse à la crème, fromages de chèvre."
Mâcon supérieur,,,,
Pouilly-fuissé,": La robe présente des nuances variées qui vont de l'or pâle à reflets gris au jaune pastel. Généralement or soutenu, le pouilly-fuissé est limpide et brillant.","Le bouquet évoque différentes familles d'arômes notes minérales, noisette et amande, agrumes (citron, pamplemousse, ananas), fruit blanc (pêche), fougère et tilleul, miel, mie de pain et brioche au beurre.","Sous des traits souvent opulents, le pouilly-fuissé possède une structure pleine et entière que favorise une bonne teneur en alcool naturel. Finesse et distinction définissent sa bouche qui exprime fréquemment une certaine amertume en finale. Ce n'est pas un défaut.",
Pouilly-loché,: La robe évoque toutes les nuances jaunes d'un dessin à l'aquarelle.,"Le pouilly-loché présente des arômes analogues à ceux du pouilly-fuissé, avec parfois des accents de pivoine, de poire et d'abricot, de coing, de pomme au four ou de cire.","Le moelleux et l'acidité jouent à armes égales, dans un style assez puissant?; le gras domine en finale. Le climat Les Mures se distingue pour la qualité de ses vins.",
Pouilly-vinzelles,": D'un ton or vert, la robe attire l'œil.","Le pouilly-vinzelles présente des notes minérales caractéristiques.S'y mêlent des arômes de noisette et d'amande, d'agrumes, de pêche, de tilleul, de brioche. Des accents de pivoine, de poire et d'abricot, de coing, de pomme au four ou de cire sont parfois perceptibles.",Finesse et distinction définissent la bouche grâce à un équilibre réussi entre moelleux et acidité. Le gras domine en finale. Leclimat Les Quarts a su se faire un nom au sein de l'appellation.,"Poisson (turbot sauce mousseline, filets de sole au beurre citronné, saumon au vin blanc), poulet ou lapin à la crème, tartifl ette au reblochon."
Saint-véran,": Le saint-véran est un vin cristallin, or pâle. Des reflets verts animent sa robe. Un élevage sous bois se traduit par une teinte bouton d'or.","Les arômes de fruits (pêche, poire) se mêlent à l'acacia, à la fougère, au chèvrefeuille. Les notes d'amande fraîche, de noisette et de beurre sont également fréquentes, tandis que le miel, les fruits exotiques et les agrumes (écorce d'orange) ne se distinguent que dans les vins les plus mûrs.","Le saint-véran est un vin sec et rond, souvent minéral (la pierre à feu, le silex glorieux des environs de Solutré). Il a de la flamme, de l'ardeur en bouche. Le gras et l'acidité s'équilibrent. Une sensation muscatée s'exprime parfois en finale.","Huîtres gratinées, andouillette au vin blanc, blanquette de veau, fricassée de veau aux girolles, fromages de chèvre (saint-marcellin, bouton de culotte, crottin)."
Viré-clessé,": La brillance de l'or pâle illumine la robe du viré-clessé. Ni or blanc ni or jaune, mais or cendré. Des reflets légèrement verts animent souvent le vin.","Les arômes évoquent la fleur d'aubépine et l'acacia, le chèvrefeuille ou encore le genêt. Il s'y ajoute la citronnelle, la pêche blanche et des notes mentholées. La verveine, la fougère, l'amande complètent la palette. Le pin, la confiture de coings peuvent se manifester.",Ce vin vif et frais est pourtant plein de rondeur et de charme. Le chardonnay s'épanouit ici de façon particulièrement heureuse.,"Cuisses de grenouilles, escargots, andouillette au vin blanc, jambon persillé, volaille de bresse à la crème, fromages de chèvre."
Bourgogne,": Jeune, le bourgogne rouge est pourpre?; plus âgé, il se pare d'un rubis plus profond qui va jusqu'à la cerise intense, la violine. En général, la robe est égayée de reflets brillants, bien vifs. La couleur classique est d'un rouge franc, un peu foncé.Le rosé est rose bonbon assez intense.Pour les blancs, une couleur limpide et cristalline, d'un léger jaune doré à reflets verts.","Le bourgogne rouge s'ouvre souvent sur une corbeille de fruits rouges et noirs (fraise, framboise, groseille, cerise d'un côté, mûre myrtille et cassis de l'autre), mais peut évoluer sur le fruit cuit (pruneau) et même le fruit confit. Les nuances épicées (poivrées) et réglissées ne sont pas rares, de même que celles évoquant l'animal, la mousse, le sous-bois, le champignon et, avec l'âge, le cuir.Les rosés rappellent la fraise des bois, la groseille et les fruits exotiques.Les arômes du bourgogne blanc sont ceux du chardonnay fleurs blanches, aubépine, citronnelle et fougère, champignon (mousseron, rosé-des-prés), amande et noisette, épices, beurre, toast pas trop grillé, miel parfois.","Un bon bourgogne rouge est un vin vivant, structuré et plein de passion. Il est souple et rond. Les tanins et le fruit doivent tenir longtemps un dialogue. Après quatre ou cinq ans de garde, le vin révèle du volume, de la chair?; il est vineux et présente un honnête potentiel de garde, sans aller au-delà des huit à dix ans. Néanmoins, un bourgogne peut être radieux quinze ans plus tard.Les rosés sont vifs et fruités.Les blancs sont amples sans être pesants, fins sans être légers, aromatiques et fruités, peu charpentés, mais présentant une bonne persistance quand la bouteille est de qualité.","Viande rouge (pavé de charolais, entrecôte forestière), canard au poivre vert, gibier, andouillette, fromages (époisses, soumaintrain, camembert). salade tiède de rougets. tourte chaude, poisson fin, crustacés, volaille et viande blanche."
Coteaux bourguignons,: Les vins rouges affichent une robe pourpre aux reflets violets.Les vins rosés s'habillent d'un rose franc et vif.Les blancs montrent une robe or pâle et limpide.,"Les vins rouges offrent des senteurs fraîches de fruits rouges (fraise, cerise, framboise) et noirs (cassis, mûre).Les vins rosés exhalent des parfums de petits fruits rouges et de bonbon.Les vins blancs se partagent entre les fleurs blanches et les agrumes.","Les vins rouges présentent des caractères divers selon les sols et les cépages d'où ils sont issus. Ceux à base de gamay montrent une bouche souple et fruitée, aux tanins fins. Le pinot noir apporte richesse, complexité, corps et finesse de la structure.Les vins rosés sont frais et fruités.Les vins blancs varient également en fonction de l'assemblage. La bouche sera fraîche, marquée par les agrumes en présence du chardonnay?; l'aligoté apporte de la vivacité?; des cépages plus rares tels que le sacy apporteront des notes plus originales.","Charcuterie, fromage de tête persillé, volaille, oeufs en meurette. légumes farcis, tourte aux légumes, grillades. crustacés, poissons grillés, viandes blanches, fromages à pâte pressée."
Bourgogne-aligoté,": Généralement or pâle, minéral, la robe peut être aussi de couleur paille.","Profond, l'aligoté exprime un bouquet floral (acacia, aubépine), puis fruité (pomme). Le terroir influe sur la palette les aligotés de Pernand ont un nez fruité, ceux de Saint-Bris, dans l'Yonne, laissent apparaître des notes de sureau.","Un vin tendre, coulant, élégant et léger, qui a du caractère. La bouche est marquée par des notes citronnées. L'acidité se déclare en finale.","Apéritif avec des gougères, escargots à la bourguignonne, terrine, crustacés, poisson frit, fromages de chèvre, comté."
Bourgogne-passetoutgrain,": En rouge, une robe bien pourpre, qui ne lésine pas sur la couleur.","Parfumé de fruits rouges (cassis, framboise, groseille), le bourgogne-passetout­grain laisse apparaître ensuite des notes animales.","Très gamay, le passetoutgrain possède un goût de terroir. Les fruits explosent en bouche. Un vin harmonieux, agréable, sur le gras et le fruit. Les meilleurs comportent davantage de pinot noir ils sont plus fins mais doivent aussi être consommés jeunes.","Terrine, viande rouge, gibier à plume, fromages
(cîteaux). fruits de mer, avocat au crabe, tourte bourguignonne, poisson, fromages (de bresse, roquefort)."
Bourgogne-hautes-côtes-de-nuits,": En rouge, une robe pourpre ou rubis sombre, tirant souvent sur le framboisé. Les reflets bleutés ne sont pas rares.En blanc, un vin doré sans excès. De l'or blanc à l'or pâle, quelquefois un peu paille.Un rose franc habille les vins rosés.","Le pinot noir s'exprime sur des tonalités de cerise et de réglisse, de violette parfois. Après quelques années, les arômes évoluent sur des accents plus mûrs de fruit confit, des notes fauves (animal, cuir, sous-bois, humus, mousse).Le chardonnay offre un bouquet de fleurs blanches (aubépine, chèvrefeuille), où se mêlent la pomme de reinette, le citron, l'ortie blanche, la noisette, quelquefois le pain grillé, la cire d'abeille.Le rosé est tout de petits fruits.","Structuré, le rouge bénéficie d'une bonne acidité et de tanins présents et agréables en bouche.Il a du corps, sans excès de zèle.La complexité, le gras, la bonne charpente permettent aux blancs de tenir parfaitement leur place à table.La fraîcheur s'allie à une certaine rondeur dans les rosés.","Terrine, viande rouge, gibier à plume, fromages (cîteaux). fruits de mer, avocat au crabe, tourte bourguignonne, poisson, fromages (de bresse, roquefort)."
Bourgogne-hautes-côtes-de-beaune,": En rouge, la robe est d'une couleur sombre et violacée.En blanc, la teinte est paille léger, doré discret avec parfois des reflets verts.","Le vin rouge est marqué dans sa jeunesse par les fruits rouges (framboise, griotte). Avec les années, le fruit devient confit.Le bouquet tire alors vers l'animal, le sous-bois, et comporte fréquemment une touche épicée (poivre).En blanc arômes de fleurs blanches (aubépine) et de fougère. La noisette, le grillé ? Le beurre, le miel ? Cela se produit parfois.","Le rouge, corsé et généreux, assez rond, plaide pour son terroir. Une certaine nervosité n'est pas rare dans sa jeunesse, puis les tanins se fondent et l'équilibre s'établit. Le blanc chardonne volontiers. Il garde la fraîcheur du chardonnay sans devenir moelleux. Il ne cède pas à la vivacité, tout en gardant son équilibre.","Oeufs en meurette, petit salé aux lentilles, agneau, volaille, fromages (brillat-savarin, cîteaux). escargots, poisson poché ou en sauce, viande blanche, fromages (bleu de bresse)."
Crémant-de-bourgogne,: La robe du crémant-de-bourgogne blanc se pare d'une teinte jaune paille ou or parcourue d'un collier de fines bulles persistantes.Le crémant-de-bourgogne rosé est habillé d'une robe rose pâle aux reflets saumonés.,"Le nez des crémant-de-bourgogne blancs de blancs ou à forte teneur en cépages blancs associe les agrumes et les fleurs blanches à des notes minérales ; on peut aussi y trouver des parfums de fruits jaunes, des notes briochées et grillées ; à l'instar des rosés, le nez des blancs de noirs est souvent marqué par les senteurs de petits fruits rouges.","Le caractère du crémant-de-bourgogne varie en fonction de l'assemblage. Les blancs de blancs offrent une bouche fraîche, vive et légère alors que les blancs de noirs ou à majorité de cépages noirs développent de la puissance et de la persistance. Les rosés se distinguent par leur palais délicat et fruité.","Les crémant-de-bourgogne rosés s'accorderont avec un apéritif, ou des desserts à base de fruits rouges. les crémant-de-bourgogne blancs se boiront à l'apéritif, avec des produits de la mer (crustacés, coquillages, poissons), ou une volaille."
